{"cameraMode":{"drawMode":0,"name":"Shaded","section":"Shading Mode"},"sceneLighting":false,"audioPlay":false,"sceneViewState":{"showFog":true,"showMaterialUpdate":false,"showSkybox":false,"showFlares":true,"showImageEffects":true,"showParticleSystems":true},"in2DMode":false,"pivot":{"x":-79.4000015258789,"y":105.19999694824219,"z":143.48089599609376},"rotation":{"x":-0.1374010294675827,"y":-0.08251272886991501,"z":0.011485608294606209,"w":-0.9870059490203857},"size":27.149898529052736,"orthographic":false}